step,lr,train_loss,val_weighted,val_plain_mse,is_best
1,9.995e-07,4.247243404388428,200.8361832656585,3.992774226605247,True
200,0.00010039999999999993,0.3133344054222107,134.31170417427586,2.739353112795723,True
400,0.00020029999999999977,0.19482950866222382,71.22794759316565,1.550690566589686,True
600,0.00030019999999999944,0.1414767950773239,44.35000518771285,1.0280764610758757,True
800,0.00040009999999999894,0.12735718488693237,31.330871485630958,0.7479950213260169,True
1000,0.0005,0.10998158156871796,22.282505668888025,0.5408935332771673,True
1200,0.0004986332128943842,0.07689554244279861,16.09546938872079,0.39539692924771497,True
1400,0.0004945478263830845,0.0794268250465393,12.013568616515894,0.2991535967545389,True
1600,0.00048778860081564085,0.07209134101867676,9.232201861990918,0.23362362406314066,True
1800,0.0004784295916818289,0.0718129426240921,7.220040269707084,0.1862901775200014,True
2000,0.0004665733382442175,0.06923099607229233,5.827654252413808,0.15344373876437384,True
2200,0.0004523497400965494,0.07891353219747543,4.864856753538662,0.13061670993962443,True
2400,0.00043591463395660995,0.06391356885433197,4.215082975931546,0.11533434898844695,True
2600,0.00041744808628653516,0.05759286507964134,3.75355247642159,0.10450124121960319,True
2800,0.00039715242044697206,0.05715550109744072,3.395290897641371,0.09626650921865922,True
3000,0.00037525000000000004,0.05546871945261955,3.161713937129355,0.09078612821412001,True
3200,0.00035198079244741216,0.05151189863681793,2.992529477453404,0.08684276580971931,True
3400,0.0003275997400965494,0.05180736258625984,2.868524849199646,0.08391536040641771,True
3600,0.000302373966859031,0.05387270450592041,2.774204786934147,0.0816609029278213,True
3800,0.0002765798515852796,0.053290434181690216,2.7038983614436125,0.07998616592655974,True
4000,0.0002505,0.05215621739625931,2.6382585333572828,0.07833173026461894,True
4200,0.00022442014841472042,0.048190969973802567,2.580780352496068,0.07696638731050577,True
4400,0.0001986260331409691,0.05202808603644371,2.5482394484406345,0.0758703303815871,True
4600,0.00017340025990345064,0.051425352692604065,2.513302679096318,0.07495479722799807,True
4800,0.00014901920755258782,0.04789882153272629,2.476634649593477,0.07400672898933776,True
5000,0.00012575000000000005,0.04164523631334305,2.455347289032024,0.07329863900258222,True
5200,0.00010384757955302797,0.042922377586364746,2.4350501845459647,0.07260512828235162,True
5400,8.355191371346486e-05,0.041928183287382126,2.4287962082921384,0.07225509230652656,True
5600,6.508536604339018e-05,0.04254593327641487,2.4161828108642935,0.07187989344719516,True
5800,4.865025990345063e-05,0.0387650802731514,2.4081601524180885,0.0715602793014652,True
6000,3.442666175578254e-05,0.0424700491130352,2.3971644334414375,0.0711699413465141,True
6200,2.257040831817111e-05,0.04141494259238243,2.392538895891031,0.07103386599341885,True
6400,1.3211399184359166e-05,0.04035036638379097,2.3954086116505016,0.07098070166951267,False
6600,6.452173616915508e-06,0.040755223482847214,2.3932018660896524,0.07092420051432474,False
6800,2.366787105615814e-06,0.041696202009916306,2.391906157727706,0.07081422465937448,True
7000,0.0005,0.0390421524643898,2.3902952787247806,0.07076473712974937,True
7200,0.0004996580689212662,0.06718610972166061,2.4884809535332963,0.07299208268523216,False
7400,0.0004986332128943842,0.06283741444349289,2.547093150848086,0.07479411493381653,False
7600,0.0004969282409784868,0.05804560333490372,2.5961466033536174,0.07636078974292597,False
7800,0.0004945478263830845,0.05820571631193161,2.615854397577499,0.07704025774602426,False
8000,0.0004914984936591225,0.05122021213173866,2.6123531454306645,0.07708921942469876,False
8200,0.00048778860081564085,0.06467768549919128,2.6102674476506476,0.07696463275257,False
8400,0.0004834283164110518,0.04803890362381935,2.636991953161219,0.07820350549012314,False
8600,0.0004784295916818289,0.05159669369459152,2.608377829355453,0.07748558763616352,False
8800,0.0004728061277849978,0.050197016447782516,2.559715353194557,0.07614965670967361,False
9000,0.0004665733382442175,0.052517153322696686,2.546513839318864,0.07586315619870214,False
9200,0.00045974830670238333,0.04841578006744385,2.533176696257471,0.07566400886335098,False
9400,0.0004523497400965494,0.05384206771850586,2.515761380161189,0.0749525948283044,False
9600,0.00044439791738351423,0.04728342592716217,2.491209411879309,0.07407030347559856,False
9800,0.00043591463395660995,0.052420057356357574,2.499536016787863,0.07422898965299345,False
10000,0.0004269231419060436,0.05403217300772667,2.498259273677096,0.07413177420839076,False
10200,0.00041744808628653516,0.04595364257693291,2.4830660548881505,0.07382861963247994,False
10400,0.00040751543756693446,0.042129114270210266,2.4604980071959512,0.07333460347962294,False
10600,0.00039715242044697206,0.043536681681871414,2.4365649610650237,0.07263561217147951,False
10800,0.00038638743923624923,0.050760943442583084,2.441734210033279,0.07259888359974223,False
11000,0.00037525000000000004,0.047466788440942764,2.4316043287838407,0.07260834039710058,False
11200,0.00036377062968501693,0.04857731983065605,2.4152558506180664,0.07222538452178563,False
11400,0.00035198079244741216,0.04400064796209335,2.404868375738605,0.07197504493303677,False
11600,0.0003399128034115525,0.04733497276902199,2.398377554296156,0.07178262503488184,False
11800,0.0003275997400965494,0.04008083790540695,2.393410231662571,0.07157250779549783,False
12000,0.0003150753517530789,0.04489320516586304,2.3774998523698385,0.07107402793794117,True
12200,0.000302373966859031,0.04467754811048508,2.380496630814962,0.07096903266835729,False
12400,0.0002895303990275376,0.04214806854724884,2.3818068697994796,0.07083086215551364,False
12600,0.0002765798515852796,0.04539766162633896,2.387394295487593,0.07078125061541257,False
12800,0.00026355782108261454,0.04039214178919792,2.3722928925972124,0.07029740806897625,True
13000,0.0002505,0.041261937469244,2.3663837076954892,0.07009956747670036,True
13200,0.0002374421789173855,0.039510443806648254,2.341785663301764,0.0697805967773664,True
13400,0.00022442014841472042,0.040127288550138474,2.3299702500608426,0.06963802751705105,True
13600,0.00021146960097246235,0.03702601045370102,2.325645948575292,0.0694926366653791,True
13800,0.0001986260331409691,0.04000610485672951,2.320354178063706,0.0693459294615347,True
14000,0.00018592464824692109,0.03899798542261124,2.335085477639622,0.06955175238261369,False
14200,0.00017340025990345064,0.037247613072395325,2.3488559948838574,0.0698110172289696,False
14400,0.00016108719658844759,0.04018702358007431,2.360547652958963,0.06999665653393587,False
14600,0.00014901920755258782,0.039847128093242645,2.3602676049466598,0.06996983609125287,False
14800,0.00013722937031498307,0.03478965163230896,2.364444544814554,0.06995218097222196,False
15000,0.00012575000000000005,0.04028870165348053,2.3495911618002054,0.06964876547133018,False
15200,0.00011461256076375082,0.03769431263208389,2.341756334588846,0.06948044602271668,False
15400,0.00010384757955302797,0.036739178001880646,2.3410554242048023,0.06942244237187968,False
15600,9.348456243306559e-05,0.03621154651045799,2.3375558371147953,0.06934383144393724,False
15800,8.355191371346486e-05,0.03540526330471039,2.326867308212101,0.06915462111200237,False
16000,7.40768580939564e-05,0.033710792660713196,2.3222424157690056,0.06902747716929508,False
16200,6.508536604339018e-05,0.03494756668806076,2.31776490603113,0.06896337880231844,True
16400,5.6602082616485814e-05,0.03411669284105301,2.318169821255474,0.0689012382703998,False
16600,4.865025990345063e-05,0.0346125103533268,2.31778990555326,0.06889568655902943,False
16800,4.1251693297616726e-05,0.03444858267903328,2.322979096040829,0.0689624221020442,False
17000,3.442666175578254e-05,0.031910113990306854,2.321613230214653,0.06900749335381529,False
17200,2.8193872215002235e-05,0.03360120207071304,2.3236393706893232,0.06901447084271736,False
17400,2.257040831817111e-05,0.03324694558978081,2.3188742982351394,0.06892348582510054,False
17600,1.7571683588948164e-05,0.03148270770907402,2.3151469325330716,0.06887565253282282,True
17800,1.3211399184359166e-05,0.03254318982362747,2.3157832304062826,0.06886433027953663,False
18000,9.501506340877485e-06,0.03392842411994934,2.3126663174009496,0.0688383211028705,True
